Workbook

Sheet Sheet1
A1: PRN | B1: Student Name | C1: Subject1 | D1: Subject2 | E1: Subject3 | F1: Subject4 | G1: Subject5 | H1: OPT | I1: Total | K1: Per | L1: Result | M1: DISTENCTION
A2: 10001 | B2: Alice Smith | C2: 78 | D2: 90 | E2: 20 | F2: 92 | G2: 88 | H2: =IF(AND(C1>50,D2>50,E2>50,F2>50,G2>50,OR(H2="C1",H2="D1",H2="E1")),Pass,) -> 0 | I2: =SUM(C2:G2) -> 368 | J2: IF(AND(K2="Pass",J2>=75),"DIST","NO DIST") | K2: =AVERAGE(C2:G2) -> 73.6 | L2: =IF((K2>50), "Pass", "Fail") -> Pass | M2: =IF(AND(D2>50,E2>50,F2>50,G2>50,I2>50), "DISTENCTION", "NON DISTENCTION") -> NON DISTENCTION
A3: 10002 | B3: Bob Johnson | C3: 75 | D3: 80 | E3: 72 | F3: 85 | G3: 79 | I3: =SUM(C3:G3) -> 391 | K3: =AVERAGE(C3:G3) -> 78.2 | L3: =IF((K3>50), "Pass", "Fail") -> Pass | M3: =IF(AND(D3>50,E3>50,F3>50,G3>50,I3>50), "DISTENCTION", "NON DISTENCTION") -> DISTENCTION
A4: 10003 | B4: Carol Brown | C4: 95 | D4: 89 | E4: 94 | F4: 90 | G4: 91 | I4: =SUM(C4:G4) -> 459 | K4: =AVERAGE(C4:G4) -> 91.8 | L4: =IF((K4>50), "Pass", "Fail") -> Pass | M4: =IF(AND(D4>50,E4>50,F4>50,G4>50,I4>50), "DISTENCTION", "NON DISTENCTION") -> DISTENCTION
A5: 10004 | B5: David Wilson | C5: 65 | D5: 70 | E5: 68 | F5: 72 | G5: 74 | I5: =SUM(C5:G5) -> 349 | K5: =AVERAGE(C5:G5) -> 69.8 | L5: =IF((K5>50), "Pass", "Fail") -> Pass | M5: =IF(AND(D5>50,E5>50,F5>50,G5>50,I5>50), "DISTENCTION", "NON DISTENCTION") -> DISTENCTION
A6: 10005 | B6: Emma Davis | C6: 88 | D6: 85 | E6: 22 | F6: 87 | G6: 84 | I6: =SUM(C6:G6) -> 366 | K6: =AVERAGE(C6:G6) -> 73.2 | L6: =IF((K6>50), "Pass", "Fail") -> Pass | M6: =IF(AND(D6>50,E6>50,F6>50,G6>50,I6>50), "DISTENCTION", "NON DISTENCTION") -> NON DISTENCTION
A7: 10006 | B7: Frank Miller | C7: 70 | D7: 75 | E7: 72 | F7: 78 | G7: 73 | I7: =SUM(C7:G7) -> 368 | K7: =AVERAGE(C7:G7) -> 73.6 | L7: =IF((K7>50), "Pass", "Fail") -> Pass | M7: =IF(AND(D7>50,E7>50,F7>50,G7>50,I7>50), "DISTENCTION", "NON DISTENCTION") -> DISTENCTION
A8: 10007 | B8: Grace Lee | C8: 92 | D8: 94 | E8: 90 | F8: 96 | G8: 93 | I8: =SUM(C8:G8) -> 465 | K8: =AVERAGE(C8:G8) -> 93 | L8: =IF((K8>50), "Pass", "Fail") -> Pass | M8: =IF(AND(D8>50,E8>50,F8>50,G8>50,I8>50), "DISTENCTION", "NON DISTENCTION") -> DISTENCTION
A9: 10008 | B9: Henry Clark | C9: 60 | D9: 75 | E9: 62 | F9: 68 | G9: 64 | I9: =SUM(C9:G9) -> 329 | K9: =AVERAGE(C9:G9) -> 65.8 | L9: =IF((K9>50), "Pass", "Fail") -> Pass | M9: =IF(AND(D9>50,E9>50,F9>50,G9>50,I9>50), "DISTENCTION", "NON DISTENCTION") -> DISTENCTION
A10: 10009 | B10: Ivy Lewis king | C10: 80 | D10: 82 | E10: 79 | F10: 85 | G10: 81 | I10: =SUM(C10:G10) -> 407 | K10: =AVERAGE(C10:G10) -> 81.4 | L10: =IF((K10>50), "Pass", "Fail") -> Pass | M10: =IF(AND(D10>50,E10>50,F10>50,G10>50,I10>50), "DISTENCTION", "NON DISTENCTION") -> DISTENCTION
A11: 10010 | B11: Jack Walker | C11: 78 | D11: 74 | E11: 76 | F11: 80 | G11: 75 | I11: =SUM(C11:G11) -> 383 | K11: =AVERAGE(C11:G11) -> 76.6 | L11: =IF((K11>50), "Pass", "Fail") -> Pass | M11: =IF(AND(D11>50,E11>50,F11>50,G11>50,I11>50), "DISTENCTION", "NON DISTENCTION") -> DISTENCTION
A12: 10011 | B12: Kathy Hall | C12: 85 | D12: 88 | E12: 50 | F12: 89 | G12: 87 | I12: =SUM(C12:G12) -> 399 | K12: =AVERAGE(C12:G12) -> 79.8 | L12: =IF((K12>50), "Pass", "Fail") -> Pass | M12: =IF(AND(D12>50,E12>50,F12>50,G12>50,I12>50), "DISTENCTION", "NON DISTENCTION") -> NON DISTENCTION
A13: 10012 | B13: Liam Young | C13: 72 | D13: 70 | E13: 75 | F13: 74 | G13: 73 | I13: =SUM(C13:G13) -> 364 | K13: =AVERAGE(C13:G13) -> 72.8 | L13: =IF((K13>50), "Pass", "Fail") -> Pass | M13: =IF(AND(D13>50,E13>50,F13>50,G13>50,I13>50), "DISTENCTION", "NON DISTENCTION") -> DISTENCTION
A14: 10013 | B14: Babu bhai | C14: 90 | D14: 92 | E14: 94 | F14: 91 | G14: 93 | I14: =SUM(C14:G14) -> 460 | K14: =AVERAGE(C14:G14) -> 92 | L14: =IF((K14>50), "Pass", "Fail") -> Pass | M14: =IF(AND(D14>50,E14>50,F14>50,G14>50,I14>50), "DISTENCTION", "NON DISTENCTION") -> DISTENCTION
... A21: 10020 | B21: Tina Perez | C21: 73 | D21: 40 | E21: 74 | F21: 76 | G21: 77 | I21: =SUM(C21:G21) -> 340 | K21: =AVERAGE(C21:G21) -> 68 | L21: =IF((K21>50), "Pass", "Fail") -> Pass | M21: =IF(AND(D21>50,E21>50,F21>50,G21>50,I21>50), "DISTENCTION", "NON DISTENCTION") -> NON DISTENCTION
M22: =COUNTIF(M2:M21,"DISTENCTION") -> 15

Sheet Sheet2
A1: PRN | B1: NAME | C1: TOTAL | D1: RESULT
A2: 10001 | B2: =VLOOKUP(A2,Sheet1!A2:M22,2,0) -> Alice Smith | C2: =VLOOKUP(A2,Sheet1!A2:M22,9,0) -> 368 | D2: =VLOOKUP(A2,Sheet1!A2:M22,11,0) -> 73.6
A3: 10002 | B3: =VLOOKUP(A3,Sheet1!A3:M23,2,0) -> Bob Johnson | C3: =VLOOKUP(A3,Sheet1!A3:M23,9,0) -> 391 | D3: =VLOOKUP(A3,Sheet1!A3:M23,11,0) -> 78.2
A4: 10003 | B4: =VLOOKUP(A4,Sheet1!A4:M24,2,0) -> Carol Brown | C4: =VLOOKUP(A4,Sheet1!A4:M24,9,0) -> 459 | D4: =VLOOKUP(A4,Sheet1!A4:M24,11,0) -> 91.8
A5: 10004 | B5: =VLOOKUP(A5,Sheet1!A5:M25,2,0) -> David Wilson | C5: =VLOOKUP(A5,Sheet1!A5:M25,9,0) -> 349 | D5: =VLOOKUP(A5,Sheet1!A5:M25,11,0) -> 69.8
A6: 10005 | B6: =VLOOKUP(A6,Sheet1!A6:M26,2,0) -> Emma Davis | C6: =VLOOKUP(A6,Sheet1!A6:M26,9,0) -> 366 | D6: =VLOOKUP(A6,Sheet1!A6:M26,11,0) -> 73.2
A7: 10006 | B7: =VLOOKUP(A7,Sheet1!A7:M27,2,0) -> Frank Miller | C7: =VLOOKUP(A7,Sheet1!A7:M27,9,0) -> 368 | D7: =VLOOKUP(A7,Sheet1!A7:M27,11,0) -> 73.6
A8: 10007 | B8: =VLOOKUP(A8,Sheet1!A8:M28,2,0) -> Grace Lee | C8: =VLOOKUP(A8,Sheet1!A8:M28,9,0) -> 465 | D8: =VLOOKUP(A8,Sheet1!A8:M28,11,0) -> 93
A9: 10008 | B9: =VLOOKUP(A9,Sheet1!A9:M29,2,0) -> Henry Clark | C9: =VLOOKUP(A9,Sheet1!A9:M29,9,0) -> 329 | D9: =VLOOKUP(A9,Sheet1!A9:M29,11,0) -> 65.8
A10: 10009 | B10: =VLOOKUP(A10,Sheet1!A10:M30,2,0) -> Ivy Lewis king | C10: =VLOOKUP(A10,Sheet1!A10:M30,9,0) -> 407 | D10: =VLOOKUP(A10,Sheet1!A10:M30,11,0) -> 81.4
A11: 10010 | B11: =VLOOKUP(A11,Sheet1!A11:M31,2,0) -> Jack Walker | C11: =VLOOKUP(A11,Sheet1!A11:M31,9,0) -> 383 | D11: =VLOOKUP(A11,Sheet1!A11:M31,11,0) -> 76.6
A12: 10011 | B12: =VLOOKUP(A12,Sheet1!A12:M32,2,0) -> Kathy Hall | C12: =VLOOKUP(A12,Sheet1!A12:M32,9,0) -> 399 | D12: =VLOOKUP(A12,Sheet1!A12:M32,11,0) -> 79.8
A13: 10012 | B13: =VLOOKUP(A13,Sheet1!A13:M33,2,0) -> Liam Young | C13: =VLOOKUP(A13,Sheet1!A13:M33,9,0) -> 364 | D13: =VLOOKUP(A13,Sheet1!A13:M33,11,0) -> 72.8
... A21: 10020 | B21: =VLOOKUP(A21,Sheet1!A21:M41,2,0) -> Tina Perez | C21: =VLOOKUP(A21,Sheet1!A21:M41,9,0) -> 340 | D21: =VLOOKUP(A21,Sheet1!A21:M41,11,0) -> 68
